search_order,candidate_video_frame_index,candidate_video_time_s,candidate_video_time,distance_from_anchor_s,aggregate_score,center_score,min_window_score,pad_geometry_mean,masked_visual_mean,full_visual_mean,center_pad_geometry_score,center_pad_center_error_px,center_pad_center_error_ratio,center_pad_radius_error_ratio,center_pad_ring_iou,center_pad_thermal_circle_rank,video_circle_source,video_circle_confidence,video_circle_partial,video_circle_smoothed,thermal_circle_confirmed,manual_circle_source,selected_rank,geometry_hard_pass,aggregation,strategy_rank,evaluated_strategy_count,candidate_strategy_count,circle_filter_applied,min_circle_alignment,transform_type,spatial_score,crop_x,crop_y,crop_w,crop_h,thermal_edge_density,video_edge_density,base_similarity,circle_alignment,pad_center_error_px,pad_center_error_ratio,pad_radius_error_ratio,pad_ring_iou,pad_geometry_score,pad_geometry_hard_pass,pad_thermal_circle_rank,keypoint_matches,keypoint_inliers,source_tiff,score_tiff_m2,score_tiff_m1,score_tiff_p0,score_tiff_p1,score_tiff_p2,rank
61,8775,292.5,00:04:52.500,0.5,0.6487644877158167,0.8421131806122197,0.48713477188747517,0.7090335674962269,0.55055271089077,0.5025449112057686,0.9995583997394692,0.15745075070586495,0.001968134383823312,0.00016129664247230835,0.9993097999528459,-1,tracked_hough,0.98,False,False,True,manual_coordinates,-1,True,mean,1,15,182,True,0.5,crop_resize,0.9995583997394692,1057,696,1628,1302,0.43523403679653677,0.4910376082251082,0.0,0.9995583997394692,0.15745075070586495,0.001968134383823312,0.00016129664247230835,0.9993097999528459,0.9995583997394692,True,1,0,0,raw/thermal/20260226_030500.tiff,0.6658911964165041,0.6688452164267591,0.8421131806122197,0.5798380732361264,0.48713477188747517,1
62,8776,292.53333333333336,00:04:52.533,0.5333333333333599,0.616583756983671,0.8312075862161711,0.4485934987751205,0.6586840227710793,0.5488659426569938,0.512226565182209,0.97023239294266,0.183707466784611,0.0022963433348076375,0.030875711878943335,0.9350647404863424,-1,tracked_hough,0.98,False,False,True,manual_coordinates,-1,True,mean,8,15,182,True,0.5,crop_resize,0.97023239294266,1111,712,1551,1266,0.43523403679653677,0.4820413961038961,0.0,0.97023239294266,0.183707466784611,0.0022963433348076375,0.030875711878943335,0.9350647404863424,0.97023239294266,True,1,0,0,raw/thermal/20260226_030500.tiff,0.5590300423895684,0.6354609325449276,0.8312075862161711,0.608626724992567,0.4485934987751205,2
60,8774,292.46666666666664,00:04:52.467,0.46666666666664014,0.5675610996350524,0.8459148624689645,0.4426232674560364,0.5887547774291768,0.5343850493431092,0.5127423197031021,0.9997831895032399,0.1102428234062567,0.0013780352925782087,9.360284357882165e-05,0.9996618520781392,-1,tracked_hough,0.98,False,False,True,manual_coordinates,-1,True,mean,1,15,182,True,0.5,crop_resize,0.9997831895032399,1047,696,1638,1311,0.43523403679653677,0.5134266774891775,0.0,0.9997831895032399,0.1102428234062567,0.0013780352925782087,9.360284357882165e-05,0.9996618520781392,0.9997831895032399,True,1,0,0,raw/thermal/20260226_030500.tiff,0.5358402452665881,0.5428587702174095,0.8459148624689645,0.4705683527662638,0.4426232674560364,3
63,8777,292.56666666666666,00:04:52.567,0.5666666666666629,0.4810098898527551,0.8478197518653271,0.057637143290387015,0.5106788264338186,0.5317929849028588,0.5070269241929054,0.9991174609487785,0.22281213192673233,0.002785151649084154,2.8566642337324312e-05,0.9986218592242129,-1,tracked_hough,0.98,False,False,True,manual_coordinates,-1,True,mean,1,15,182,True,0.5,crop_resize,0.9991174609487785,1092,705,1603,1283,0.43523403679653677,0.487790854978355,0.0,0.9991174609487785,0.22281213192673233,0.002785151649084154,2.8566642337324312e-05,0.9986218592242129,0.9991174609487785,True,1,0,0,raw/thermal/20260226_030500.tiff,0.4398974267430925,0.6109214965575966,0.8478197518653271,0.4487736308073723,0.057637143290387015,4
59,8773,292.43333333333334,00:04:52.433,0.4333333333333371,0.45422576203059195,0.8467693865010104,0.08879939437294307,0.5002304888129482,0.525362154841423,0.510150422155857,0.9986702787889825,0.1434249241784855,0.0017928115522310689,3.0429725126168704e-05,0.999428690376304,-1,tracked_hough,0.98,False,False,True,manual_coordinates,-1,True,mean,2,15,182,True,0.5,crop_resize,0.9986702787889825,1039,681,1636,1335,0.43523403679653677,0.5120738636363636,0.0,0.9986702787889825,0.1434249241784855,0.0017928115522310689,3.0429725126168704e-05,0.999428690376304,0.9986702787889825,True,1,0,0,raw/thermal/20260226_030500.tiff,0.4232310381564245,0.4456881203275501,0.8467693865010104,0.46664087079503164,0.08879939437294307,5
64,8778,292.6,00:04:52.600,0.6000000000000227,0.3496492305767511,0.7448565494768579,0.06869964056239958,0.4032531819079887,0.5166665807366371,0.4992624491453171,0.8595621546495815,0.11968768663098998,0.0014960960828873748,0.07402808249544872,0.6832022256617315,-1,tracked_hough,0.98,False,False,True,manual_coordinates,-1,True,mean,12,15,182,True,0.5,crop_resize,0.8595621546495815,1026,668,1736,1362,0.43523403679653677,0.47233495670995673,0.0,0.8595621546495815,0.11968768663098998,0.0014960960828873748,0.07402808249544872,0.6832022256617315,0.8595621546495815,True,1,0,0,raw/thermal/20260226_030500.tiff,0.3287786648569455,0.5220138922797314,0.7448565494768579,0.0838974057078213,0.06869964056239958,6
38,8752,291.73333333333335,00:04:51.733,-0.2666666666666515,0.3488552418128253,0.845815204042152,0.07691472038974577,0.4962992442218447,0.5379777818918228,0.5277591347694397,0.9989608124402173,0.0618477577873767,0.0007730969723422087,5.871298092863242e-05,0.9998935122485939,-1,tracked_hough,0.98,False,False,True,manual_coordinates,-1,True,mean,1,12,146,True,0.5,crop_resize,0.9989608124402173,872,630,1942,1523,0.43523403679653677,0.5319264069264069,0.0,0.9989608124402173,0.0618477577873767,0.0007730969723422087,5.871298092863242e-05,0.9998935122485939,0.9989608124402173,True,1,0,0,raw/thermal/20260226_030500.tiff,0.0904609310208441,0.6301116285531855,0.845815204042152,0.10097372505819908,0.07691472038974577,7
39,8753,291.76666666666665,00:04:51.767,-0.2333333333333485,0.3352705616057361,0.8225907910915736,0.07176346198979344,0.4743887763773034,0.53231740295887,0.5275399386882782,0.9709404231726396,0.4091275499874314,0.005114094374842892,0.02911419756206506,0.9384616949927033,-1,tracked_hough,0.98,False,False,True,manual_coordinates,-1,True,mean,5,14,155,True,0.5,crop_resize,0.9709404231726396,850,605,1983,1555,0.43523403679653677,0.5233022186147186,0.0,0.9709404231726396,0.4091275499874314,0.005114094374842892,0.02911419756206506,0.9384616949927033,0.9709404231726396,True,1,0,0,raw/thermal/20260226_030500.tiff,0.09951729040231226,0.5889028708570128,0.8225907910915736,0.09357839368798833,0.07176346198979344,8
37,8751,291.7,00:04:51.700,-0.30000000000001137,0.32542212495775563,0.8391692295218002,0.0782214825752889,0.4555129824499284,0.5413048699498176,0.5240750417113305,0.9827886337721181,0.9630355982535086,0.012037944978168857,2.1272160385166217e-05,0.9745668277213563,-1,tracked_hough,0.98,False,False,True,manual_coordinates,-1,True,mean,1,11,140,True,0.5,crop_resize,0.9827886337721181,852,627,1954,1533,0.43523403679653677,0.5284429112554112,0.0,0.9827886337721181,0.9630355982535086,0.012037944978168857,2.1272160385166217e-05,0.9745668277213563,0.9827886337721181,True,1,0,0,raw/thermal/20260226_030500.tiff,0.0858647394359489,0.5239496697781691,0.8391692295218002,0.09990550347757104,0.0782214825752889,9
40,8754,291.8,00:04:51.800,-0.19999999999998863,0.3237718527657337,0.824403411558549,0.07111323858715962,0.4611615130319202,0.5245285898447036,0.5235158681869507,0.9737895767830584,0.16751872550989327,0.002093984068873666,0.02887870950173106,0.9429945434233662,-1,tracked_hough,0.98,False,False,True,manual_coordinates,-1,True,mean,5,15,161,True,0.5,crop_resize,0.9737895767830584,864,608,1966,1542,0.43523403679653677,0.5220508658008658,0.0,0.9737895767830584,0.16751872550989327,0.002093984068873666,0.02887870950173106,0.9429945434233662,0.9737895767830584,True,1,0,0,raw/thermal/20260226_030500.tiff,0.10035595110518977,0.5286777439619773,0.824403411558549,0.09430891861579295,0.07111323858715962,10
65,8779,292.6333333333333,00:04:52.633,0.6333333333333258,0.31854056860917945,0.8452658340458893,0.09065840977393703,0.47063727323735705,0.5309797182679177,0.5080790922045708,0.9983465878053847,0.20040580158844715,0.0025050725198555892,9.19265455316065e-05,0.9988844113007375,-1,tracked_hough,0.98,False,False,True,manual_coordinates,-1,True,mean,2,15,182,True,0.5,crop_resize,0.9983465878053847,1124,702,1569,1280,0.43523403679653677,0.49523133116883117,0.0,0.9983465878053847,0.20040580158844715,0.0025050725198555892,9.19265455316065e-05,0.9988844113007375,0.9983465878053847,True,1,0,0,raw/thermal/20260226_030500.tiff,0.09065840977393703,0.46255951269577655,0.8452658340458893,0.10208965139954289,0.09212943513075188,11
68,8782,292.73333333333335,00:04:52.733,0.7333333333333485,0.31573533977261403,0.8445918612321355,0.08842510709974004,0.4665803336268448,0.5201513588428497,0.4963225647807121,0.9993272309334059,0.19448345712669296,0.002431043214083662,6.351480600699232e-05,0.9989496103673994,-1,tracked_hough,0.98,False,False,True,manual_coordinates,-1,True,mean,1,15,182,True,0.5,crop_resize,0.9993272309334059,1159,714,1553,1243,0.43523403679653677,0.48491612554112556,0.0,0.9993272309334059,0.19448345712669296,0.002431043214083662,6.351480600699232e-05,0.9989496103673994,0.9993272309334059,True,1,0,0,raw/thermal/20260226_030500.tiff,0.08842510709974004,0.4553982155082369,0.8445918612321355,0.10094779121886768,0.0893137238040902,12
41,8755,291.8333333333333,00:04:51.833,-0.16666666666668561,0.31112263742611784,0.8282324372373073,0.07479705963018288,0.4392544613115354,0.5393340051174164,0.5322306886315346,0.9736413483653387,0.19302052069160042,0.0024127565086450053,0.028870299144528034,0.942785531587465,-1,tracked_hough,0.98,False,False,True,manual_coordinates,-1,True,mean,6,15,167,True,0.5,crop_resize,0.9736413483653387,876,608,1952,1531,0.43523403679653677,0.5272930194805194,0.0,0.9736413483653387,0.19302052069160042,0.0024127565086450053,0.028870299144528034,0.942785531587465,0.9736413483653387,True,1,0,0,raw/thermal/20260226_030500.tiff,0.10227498677636122,0.45663186227846886,0.8282324372373073,0.09367684120826884,0.07479705963018288,13
66,8780,292.6666666666667,00:04:52.667,0.6666666666666856,0.3060131841031989,0.8249604047017588,0.08052621977590482,0.4349926501985052,0.5213830947875977,0.4995061844587326,0.9744865631716824,0.1740442181087211,0.0021755527263590136,0.029012756786684336,0.9424281480311003,-1,tracked_hough,0.98,False,False,True,manual_coordinates,-1,True,mean,4,15,182,True,0.5,crop_resize,0.9744865631716824,1111,695,1618,1294,0.43523403679653677,0.48538961038961037,0.0,0.9744865631716824,0.1740442181087211,0.0021755527263590136,0.029012756786684336,0.9424281480311003,0.9744865631716824,True,1,0,0,raw/thermal/20260226_030500.tiff,0.08052621977590482,0.44339146469989876,0.8249604047017588,0.09887578632938673,0.08231204500904535,14
69,8783,292.76666666666665,00:04:52.767,0.7666666666666515,0.3041044004914119,0.8210877948083023,0.07715672144061524,0.4300175110155389,0.5147420093417168,0.4950171709060669,0.9738495729026947,0.14442438060291854,0.0018053047575364817,0.028908824924040743,0.9430692887007845,-1,tracked_hough,0.98,False,False,True,manual_coordinates,-1,True,mean,5,15,182,True,0.5,crop_resize,0.9738495729026947,1135,701,1608,1261,0.43523403679653677,0.48647186147186144,0.0,0.9738495729026947,0.14442438060291854,0.0018053047575364817,0.028908824924040743,0.9430692887007845,0.9738495729026947,True,1,0,0,raw/thermal/20260226_030500.tiff,0.07715672144061524,0.4434438724908835,0.8210877948083023,0.0990034762231178,0.07983013749414075,15
74,8788,292.93333333333334,00:04:52.933,0.9333333333333371,0.302975730278347,0.8227315221426387,0.07258362126854388,0.4291208894877401,0.5097617328166961,0.49320705235004425,0.9724220582609757,0.28304990811703007,0.0035381238514628757,0.029138290556440793,0.9406477092022025,-1,tracked_hough,0.98,False,False,True,manual_coordinates,-1,True,mean,6,15,182,True,0.5,crop_resize,0.9724220582609757,1182,713,1552,1217,0.43523403679653677,0.458400974025974,0.0,0.9724220582609757,0.28304990811703007,0.0035381238514628757,0.029138290556440793,0.9406477092022025,0.9724220582609757,True,1,0,0,raw/thermal/20260226_030500.tiff,0.07258362126854388,0.43762381870265915,0.8227315221426387,0.09741708168242923,0.08452260759546437,16
77,8791,293.03333333333336,00:04:53.033,1.0333333333333599,0.301452986746401,0.8202804499922401,0.07039874646833838,0.4268920583254607,0.517678613960743,0.4830033391714096,0.9737541792573389,0.1719915307036922,0.0021498941337961524,0.028878710525222395,0.9429547627011524,-1,tracked_hough,0.98,False,False,True,manual_coordinates,-1,True,mean,6,15,182,True,0.5,crop_resize,0.9737541792573389,1183,713,1525,1196,0.43523403679653677,0.4247159090909091,0.0,0.9737541792573389,0.1719915307036922,0.0021498941337961524,0.028878710525222395,0.9429547627011524,0.9737541792573389,True,1,0,0,raw/thermal/20260226_030500.tiff,0.07039874646833838,0.4307397527856396,0.8202804499922401,0.09782543138338788,0.08802055310239897,17
78,8792,293.06666666666666,00:04:53.067,1.0666666666666629,0.2967235093762046,0.8228170063366539,0.05832945980575016,0.3900941498448106,0.5294364616274834,0.4845432922244072,0.9735994803248378,0.11860669809175041,0.00148258372614688,0.029104774691179357,0.9425028700311728,-1,tracked_hough,0.98,False,False,True,manual_coordinates,-1,True,mean,6,15,182,True,0.5,crop_resize,0.9735994803248378,1185,718,1513,1186,0.43523403679653677,0.4206236471861472,0.0,0.9735994803248378,0.11860669809175041,0.00148258372614688,0.029104774691179357,0.9425028700311728,0.9735994803248378,True,1,0,0,raw/thermal/20260226_030500.tiff,0.07113534904119913,0.4313819861239795,0.8228170063366539,0.09995374557344047,0.05832945980575016,18
36,8750,291.6666666666667,00:04:51.667,-0.3333333333333144,0.2954146281681496,0.826821297076941,0.07252952803971482,0.4131208782367349,0.5298056408762932,0.5276024416089058,0.968705343004374,0.29128641719767434,0.003641080214970929,0.031227519292069062,0.9323227876787836,-1,tracked_hough,0.98,False,False,True,manual_coordinates,-1,True,mean,3,10,134,True,0.5,crop_resize,0.968705343004374,890,631,1873,1529,0.43523403679653677,0.529592803030303,0.0,0.968705343004374,0.29128641719767434,0.003641080214970929,0.031227519292069062,0.9323227876787836,0.968705343004374,True,1,0,0,raw/thermal/20260226_030500.tiff,0.07252952803971482,0.3863758486543205,0.826821297076941,0.10491543802226092,0.08643102904751082,19
84,8798,293.26666666666665,00:04:53.267,1.2666666666666515,0.28046736114144705,0.8188423364715601,0.0911142633218125,0.4235358069219958,0.5247886702418327,0.48154889047145844,0.9733921850120143,0.14578081778141172,0.0018222602222676466,0.029170213315918403,0.9420652815414168,-1,tracked_hough,0.98,False,False,True,manual_coordinates,-1,True,mean,6,15,182,True,0.5,crop_resize,0.9733921850120143,1223,751,1459,1144,0.43523403679653677,0.4196766774891775,0.0,0.9733921850120143,0.14578081778141172,0.0018222602222676466,0.029170213315918403,0.9420652815414168,0.9733921850120143,True,1,0,0,raw/thermal/20260226_030500.tiff,0.2931895192932513,0.09912587916339802,0.8188423364715601,0.10006480745721334,0.0911142633218125,20
42,8756,291.8666666666667,00:04:51.867,-0.13333333333332575,0.27748209783283867,0.6691518986669815,0.06594255362871997,0.36740979176160776,0.533735229074955,0.5233167573809624,0.7435572941253792,2.815558343789206,0.03519447929736508,0.0739381773635138,0.5488954282380974,-1,tracked_hough,0.98,False,False,True,manual_coordinates,-1,True,mean,13,15,173,True,0.5,crop_resize,0.7435572941253792,833,566,2032,1594,0.43523403679653677,0.5163690476190477,0.0,0.7435572941253792,2.815558343789206,0.03519447929736508,0.0739381773635138,0.5488954282380974,0.7435572941253792,True,1,0,0,raw/thermal/20260226_030500.tiff,0.09875565954598747,0.47309234079880963,0.6691518986669815,0.0804680365236948,0.06594255362871997,21
75,8789,292.96666666666664,00:04:52.967,0.9666666666666401,0.27565645189571014,0.7446243232016448,0.06526157977328734,0.35403059916210844,0.5203827947378159,0.49889146387577055,0.8591943918932223,0.15529179186020606,0.0019411473982525757,0.07410063120466663,0.6825069134999946,-1,tracked_hough,0.98,False,False,True,manual_coordinates,-1,True,mean,12,15,182,True,0.5,crop_resize,0.8591943918932223,1141,687,1621,1272,0.43523403679653677,0.4538352272727273,0.0,0.8591943918932223,0.15529179186020606,0.0019411473982525757,0.07410063120466663,0.6825069134999946,0.8591943918932223,True,1,0,0,raw/thermal/20260226_030500.tiff,0.06526157977328734,0.4095774652240871,0.7446243232016448,0.08663685824097647,0.07218203303855505,22
82,8796,293.2,00:04:53.200,1.1999999999999886,0.2755770550648936,0.8207013902443254,0.05658561462231364,0.38742322342450036,0.5165002107620239,0.4764769271016121,0.974159687356705,0.16135391100091495,0.002016923887511437,0.02925194913707454,0.941627820085194,-1,tracked_hough,0.98,False,False,True,manual_coordinates,-1,True,mean,4,15,182,True,0.5,crop_resize,0.974159687356705,1212,730,1463,1170,0.43523403679653677,0.41761363636363635,0.0,0.974159687356705,0.16135391100091495,0.002016923887511437,0.02925194913707454,0.941627820085194,0.974159687356705,True,1,0,0,raw/thermal/20260226_030500.tiff,0.3021492424773112,0.09984579026470226,0.8207013902443254,0.09860323771581551,0.05658561462231364,23
58,8772,292.4,00:04:52.400,0.39999999999997726,0.2741558328656224,0.7462567009059853,0.06705709606679267,0.3650567338098287,0.5147492289543152,0.5052090078592301,0.8600126252767775,0.0827145510143257,0.0010339318876790714,0.07422331672799239,0.6819721294797719,-1,tracked_hough,0.98,False,False,True,manual_coordinates,-1,True,mean,10,15,182,True,0.5,crop_resize,0.8600126252767775,949,642,1797,1438,0.43523403679653677,0.5187364718614719,0.0,0.8600126252767775,0.0827145510143257,0.0010339318876790714,0.07422331672799239,0.6819721294797719,0.8600126252767775,True,1,0,0,raw/thermal/20260226_030500.tiff,0.07847508252583164,0.09169990829948924,0.7462567009059853,0.38729037653001297,0.06705709606679267,24
67,8781,292.7,00:04:52.700,0.6999999999999886,0.2737828721909202,0.7482013836090071,0.06874508698725824,0.3507021128229722,0.5302763506770134,0.5024428114295005,0.8598197365547301,0.11945639234553897,0.001493204904319237,0.07392923582616184,0.6838975103679941,-1,tracked_hough,0.98,False,False,True,manual_coordinates,-1,True,mean,12,15,182,True,0.5,crop_resize,0.8598197365547301,1074,675,1705,1337,0.43523403679653677,0.4831912878787879,0.0,0.8598197365547301,0.11945639234553897,0.001493204904319237,0.07392923582616184,0.6838975103679941,0.8598197365547301,True,1,0,0,raw/thermal/20260226_030500.tiff,0.06874508698725824,0.3924015274185685,0.7482013836090071,0.08874390765531384,0.07082245528445319,25
71,8785,292.8333333333333,00:04:52.833,0.8333333333333144,0.27348246507661567,0.748073031469775,0.054985422940545044,0.3390147964148546,0.5156970828771591,0.4959638312458992,0.8588015914186341,0.15028639842426475,0.0018785799803033095,0.07421625983200038,0.6817235296963354,-1,tracked_hough,0.98,False,False,True,manual_coordinates,-1,True,mean,12,15,182,True,0.5,crop_resize,0.8588015914186341,1117,674,1659,1301,0.43523403679653677,0.473146645021645,0.0,0.8588015914186341,0.15028639842426475,0.0018785799803033095,0.07421625983200038,0.6817235296963354,0.8588015914186341,True,1,0,0,raw/thermal/20260226_030500.tiff,0.06474601607513894,0.41034294985177044,0.748073031469775,0.08926490504584868,0.054985422940545044,26
79,8793,293.1,00:04:53.100,1.1000000000000227,0.2686014370784532,0.7408837732707321,0.06307146061367026,0.3496692227073472,0.5190300300717354,0.48129792958498,0.860206107800566,0.09512906925728651,0.0011891133657160814,0.07414906948214081,0.6824521938147169,-1,tracked_hough,0.98,False,False,True,manual_coordinates,-1,True,mean,10,15,182,True,0.5,crop_resize,0.860206107800566,1154,684,1563,1250,0.43523403679653677,0.43892045454545453,0.0,0.860206107800566,0.09512906925728651,0.0011891133657160814,0.07414906948214081,0.6824521938147169,0.860206107800566,True,1,0,0,raw/thermal/20260226_030500.tiff,0.06307146061367026,0.37450531519194336,0.7408837732707321,0.08945065239748894,0.07509598391843138,27
70,8784,292.8,00:04:52.800,0.8000000000000114,0.2680784469892669,0.7451277064948867,0.057058537211383195,0.33013876052765845,0.5161739602684975,0.49864621758461,0.8595005014263039,0.1411059288944588,0.001763824111180735,0.07401513338267733,0.6831871731727243,-1,tracked_hough,0.98,False,False,True,manual_coordinates,-1,True,mean,12,15,182,True,0.5,crop_resize,0.8595005014263039,1108,672,1675,1314,0.43523403679653677,0.4836309523809524,0.0,0.8595005014263039,0.1411059288944588,0.001763824111180735,0.07401513338267733,0.6831871731727243,0.8595005014263039,True,1,0,0,raw/thermal/20260226_030500.tiff,0.06553097060363927,0.3862314298192871,0.7451277064948867,0.08644359081713833,0.057058537211383195,28
73,8787,292.9,00:04:52.900,0.8999999999999773,0.2675594637514753,0.7451821657498977,0.05620737137083569,0.3301311872738088,0.5085215702652931,0.4933599591255188,0.8592350750367307,0.13460020427211244,0.0016825025534014056,0.07409195438695022,0.6826815993381558,-1,tracked_hough,0.98,False,False,True,manual_coordinates,-1,True,mean,12,15,182,True,0.5,crop_resize,0.8592350750367307,1136,681,1639,1285,0.43523403679653677,0.45001352813852813,0.0,0.8592350750367307,0.13460020427211244,0.0016825025534014056,0.07409195438695022,0.6826815993381558,0.8592350750367307,True,1,0,0,raw/thermal/20260226_030500.tiff,0.06353976897723623,0.38679482558185274,0.7451821657498977,0.0860731870775541,0.05620737137083569,29
72,8786,292.8666666666667,00:04:52.867,0.8666666666666742,0.26736111128864226,0.7435708437658609,0.056656932042678285,0.3302705192951366,0.5094496786594391,0.49630449563264845,0.8596416982010788,0.16320078365902108,0.0020400097957377636,0.07423862842244837,0.6814896948804818,-1,tracked_hough,0.98,False,False,True,manual_coordinates,-1,True,mean,10,15,182,True,0.5,crop_resize,0.8596416982010788,1134,671,1635,1308,0.43523403679653677,0.47176001082251084,0.0,0.8596416982010788,0.16320078365902108,0.0020400097957377636,0.07423862842244837,0.6814896948804818,0.8596416982010788,True,1,0,0,raw/thermal/20260226_030500.tiff,0.06431148710926984,0.38605538687514845,0.7435708437658609,0.08621090665025383,0.056656932042678285,30
76,8790,293.0,00:04:53,1.0,0.2673452091365312,0.7386093705224404,0.056488517791423505,0.3311337825001011,0.5071094110608101,0.4889928862452507,0.8598560420484739,0.18909483218907652,0.0023636854023634567,0.07381403362785618,0.6842977805954715,-1,tracked_hough,0.98,False,False,True,manual_coordinates,-1,True,mean,10,15,182,True,0.5,crop_resize,0.8598560420484739,1145,689,1605,1259,0.43523403679653677,0.4141977813852814,0.0,0.8598560420484739,0.18909483218907652,0.0023636854023634567,0.07381403362785618,0.6842977805954715,0.8598560420484739,True,1,0,0,raw/thermal/20260226_030500.tiff,0.0634846753977662,0.3921693570297784,0.7386093705224404,0.08597412494124726,0.056488517791423505,31
81,8795,293.1666666666667,00:04:53.167,1.1666666666666856,0.2508725769063494,0.7441367961034081,0.05839729393314545,0.32968000638408385,0.5205794617533683,0.4826931953430176,0.8598400560044175,0.1475955242846912,0.00184494405355864,0.07420014316595883,0.681851961590717,-1,tracked_hough,0.98,False,False,True,manual_coordinates,-1,True,mean,11,15,182,True,0.5,crop_resize,0.8598400560044175,1164,695,1545,1236,0.43523403679653677,0.42015016233766234,0.0,0.8598400560044175,0.1475955242846912,0.00184494405355864,0.07420014316595883,0.681851961590717,0.8598400560044175,True,1,0,0,raw/thermal/20260226_030500.tiff,0.27383673473509035,0.08868058795263045,0.7441367961034081,0.08931147180747247,0.05839729393314545,32
56,8770,292.3333333333333,00:04:52.333,0.3333333333333144,0.24858203246205557,0.8496189719350049,0.08678222751364342,0.46183217898504203,0.5329717084765434,0.5112290322780609,0.9986261551060599,0.14869440709658197,0.0018586800887072745,3.5247137718386055e-05,0.9993859349317394,-1,tracked_hough,0.98,False,False,True,manual_coordinates,-1,True,mean,3,15,182,True,0.5,crop_resize,0.9986261551060599,998,689,1705,1337,0.43523403679653677,0.5118371212121212,0.0,0.9986261551060599,0.14869440709658197,0.0018586800887072745,3.5247137718386055e-05,0.9993859349317394,0.9986261551060599,True,1,0,0,raw/thermal/20260226_030500.tiff,0.0982566066105074,0.1026914324785633,0.8496189719350049,0.10556092377255874,0.08678222751364342,33
54,8768,292.26666666666665,00:04:52.267,0.2666666666666515,0.2482377739567246,0.8504077065975617,0.08508887382469259,0.4608842203831144,0.5299970805644989,0.5063245847821236,0.9984944732511885,0.1739114401967689,0.002173893002459611,5.90714922303448e-05,0.9991599665637393,-1,tracked_hough,0.98,False,False,True,manual_coordinates,-1,True,mean,2,15,182,True,0.5,crop_resize,0.9984944732511885,980,680,1729,1356,0.43523403679653677,0.5187364718614719,0.0,0.9984944732511885,0.1739114401967689,0.002173893002459611,5.90714922303448e-05,0.9991599665637393,0.9984944732511885,True,1,0,0,raw/thermal/20260226_030500.tiff,0.09838101592749764,0.10220089777331444,0.8504077065975617,0.1051103756605568,0.08508887382469259,34
51,8765,292.1666666666667,00:04:52.167,0.16666666666668561,0.24783759506086844,0.8476055672433668,0.08602845189680597,0.457258030002869,0.53898656219244,0.5082267984747887,0.9987835904217214,0.13017770543748838,0.0016272213179686049,6.990271597455689e-05,0.9995290428527264,-1,tracked_hough,0.98,False,False,True,manual_coordinates,-1,True,mean,2,15,182,True,0.5,crop_resize,0.9987835904217214,961,671,1765,1385,0.43523403679653677,0.5292884199134199,0.0,0.9987835904217214,0.13017770543748838,0.0016272213179686049,6.990271597455689e-05,0.9995290428527264,0.9987835904217214,True,1,0,0,raw/thermal/20260226_030500.tiff,0.09987016565984985,0.10401422445521115,0.8476055672433668,0.10166956604910857,0.08602845189680597,35
55,8769,292.3,00:04:52.300,0.30000000000001137,0.2478093058383465,0.8470107335854085,0.08722132782305508,0.46157145437657726,0.5291075691580772,0.507324455678463,0.9996055130024003,0.14881306636088235,0.0018601633295110293,0.00017290900735300596,0.9993829662067011,-1,tracked_hough,0.98,False,False,True,manual_coordinates,-1,True,mean,1,15,182,True,0.5,crop_resize,0.9996055130024003,996,683,1700,1360,0.43523403679653677,0.5230654761904762,0.0,0.9996055130024003,0.14881306636088235,0.0018601633295110293,0.00017290900735300596,0.9993829662067011,0.9996055130024003,True,1,0,0,raw/thermal/20260226_030500.tiff,0.09894437360929598,0.1030229674784435,0.8470107335854085,0.10284712669552942,0.08722132782305508,36
52,8766,292.2,00:04:52.200,0.19999999999998863,0.24765907299729778,0.8487875699566759,0.08595444138104369,0.45721979311565,0.5341178208589554,0.5064142927527427,0.9984907335298118,0.1712202113614158,0.0021402526420176973,0.0002773888991830731,0.9991806491213382,-1,tracked_hough,0.98,False,False,True,manual_coordinates,-1,True,mean,3,15,182,True,0.5,crop_resize,0.9984907335298118,973,677,1751,1373,0.43523403679653677,0.5124120670995671,0.0,0.9984907335298118,0.1712202113614158,0.0021402526420176973,0.0002773888991830731,0.9991806491213382,0.9984907335298118,True,1,0,0,raw/thermal/20260226_030500.tiff,0.09932637950533335,0.10297072359774505,0.8487875699566759,0.1012562505456909,0.08595444138104369,37
45,8759,291.96666666666664,00:04:51.967,-0.03333333333335986,0.2474157113366414,0.8503715887688741,0.08225082262455023,0.44917297693681535,0.5383958280086517,0.5287850007414818,0.9985425873480003,0.16110903686564432,0.002013862960820554,0.00015558884377213643,0.9992775765879672,-1,tracked_hough,0.98,False,False,True,manual_coordinates,-1,True,mean,2,16,176,True,0.5,crop_resize,0.9985425873480003,938,643,1843,1445,0.43523403679653677,0.541700487012987,0.0,0.9985425873480003,0.16110903686564432,0.002013862960820554,0.00015558884377213643,0.9992775765879672,0.9985425873480003,True,1,0,0,raw/thermal/20260226_030500.tiff,0.10123090578425273,0.10132940027815587,0.8503715887688741,0.10189583922737404,0.08225082262455023,38
50,8764,292.1333333333333,00:04:52.133,0.13333333333332575,0.24727452292081584,0.8489249944008225,0.08253784863367142,0.4561211417538461,0.5306265726685524,0.5060770973563194,0.9988255018327227,0.2571297386132973,0.0032141217326662162,7.816661487929366e-05,0.9981647146016525,-1,tracked_hough,0.98,False,False,True,manual_coordinates,-1,True,mean,3,15,182,True,0.5,crop_resize,0.9988255018327227,968,660,1760,1408,0.43523403679653677,0.5170792748917749,0.0,0.9988255018327227,0.2571297386132973,0.0032141217326662162,7.816661487929366e-05,0.9981647146016525,0.9988255018327227,True,1,0,0,raw/thermal/20260226_030500.tiff,0.0994575245486647,0.10364534990058655,0.8489249944008225,0.10180689712033417,0.08253784863367142,39
47,8761,292.03333333333336,00:04:52.033,0.03333333333335986,0.24703797736243027,0.8488822013378502,0.08137544155112413,0.4530344684912656,0.5320514157414437,0.513373301923275,0.9997128454905841,0.12695716994442063,0.0015869646243052578,0.0001257685955216914,0.9995512766134288,-1,tracked_hough,0.98,False,False,True,manual_coordinates,-1,True,mean,1,16,182,True,0.5,crop_resize,0.9997128454905841,957,642,1798,1438,0.43523403679653677,0.5196496212121212,0.0,0.9997128454905841,0.12695716994442063,0.0015869646243052578,0.0001257685955216914,0.9995512766134288,0.9997128454905841,True,1,0,0,raw/thermal/20260226_030500.tiff,0.10019507285324894,0.10297593060939284,0.8488822013378502,0.10176124046053535,0.08137544155112413,40
49,8763,292.1,00:04:52.100,0.10000000000002274,0.24681537875679121,0.8487897456477781,0.08092411826131984,0.4557423289287358,0.5231545060873032,0.50966527312994,0.9999516917024973,0.05200814317052409,0.000650101789631551,3.0008110624635264e-05,0.9999248056557696,-1,tracked_hough,0.98,False,False,True,manual_coordinates,-1,True,mean,1,16,182,True,0.5,crop_resize,0.9999516917024973,966,656,1773,1418,0.43523403679653677,0.526853354978355,0.0,0.9999516917024973,0.05200814317052409,0.000650101789631551,3.0008110624635264e-05,0.9999248056557696,0.9999516917024973,True,1,0,0,raw/thermal/20260226_030500.tiff,0.09996081175141322,0.1021886213150723,0.8487897456477781,0.10221359680837269,0.08092411826131984,41
48,8762,292.06666666666666,00:04:52.067,0.06666666666666288,0.24636018325943704,0.8490829827794036,0.08149275320092406,0.45348551419735283,0.5224058121442795,0.5062390610575676,0.9988015263368841,0.12246424123508345,0.001530803015438543,6.840819328175484e-05,0.9995831649669954,-1,tracked_hough,0.98,False,False,True,manual_coordinates,-1,True,mean,2,16,182,True,0.5,crop_resize,0.9988015263368841,956,658,1801,1413,0.43523403679653677,0.5110254329004329,0.0,0.9988015263368841,0.12246424123508345,0.001530803015438543,6.840819328175484e-05,0.9995831649669954,0.9988015263368841,True,1,0,0,raw/thermal/20260226_030500.tiff,0.09957990595588564,0.10096065229251233,0.8490829827794036,0.10068462206845956,0.08149275320092406,42
46,8760,292.0,00:04:52,0.0,0.24597260471046978,0.8489710614559651,0.08011037908144844,0.4504404018028952,0.5224433913826942,0.5111067295074463,0.9999213288193483,0.06644447602013862,0.0008305559502517327,6.986246503259963e-06,0.9998773688972338,-1,seeded_hough,0.98,False,False,True,manual_coordinates,-1,True,mean,1,17,179,True,0.5,crop_resize,0.9999213288193483,950,641,1812,1450,0.43523403679653677,0.5053097943722944,0.0,0.9999213288193483,0.06644447602013862,0.0008305559502517327,6.986246503259963e-06,0.9998773688972338,0.9999213288193483,True,1,0,0,raw/thermal/20260226_030500.tiff,0.10055441859410667,0.10200464408180965,0.8489710614559651,0.09822252033901899,0.08011037908144844,43
44,8758,291.93333333333334,00:04:51.933,-0.06666666666666288,0.24570272969299206,0.8465159103645151,0.07934215874949278,0.44742279554995246,0.5256059184670449,0.5267507582902908,0.9989827803118513,0.058730090205807294,0.0007341261275725911,3.7590648239671506e-05,0.9999040947064937,-1,tracked_hough,0.98,False,False,True,manual_coordinates,-1,True,mean,2,16,176,True,0.5,crop_resize,0.9989827803118513,936,639,1855,1455,0.43523403679653677,0.5255005411255411,0.0,0.9989827803118513,0.058730090205807294,0.0007341261275725911,3.7590648239671506e-05,0.9999040947064937,0.9989827803118513,True,1,0,0,raw/thermal/20260226_030500.tiff,0.10011951267684575,0.09997923298034272,0.8465159103645151,0.10255683369376423,0.07934215874949278,44
43,8757,291.9,00:04:51.900,-0.10000000000002274,0.24523874366842952,0.8443912129895746,0.08003182504329202,0.44456296277308816,0.532984210550785,0.5210826843976974,0.9989079552272742,0.08792547907052188,0.0010990684883815235,3.379916389079085e-06,0.9997852753224951,-1,tracked_hough,0.98,False,False,True,manual_coordinates,-1,True,mean,2,15,173,True,0.5,crop_resize,0.9989079552272742,924,634,1869,1466,0.43523403679653677,0.52245670995671,0.0,0.9989079552272742,0.08792547907052188,0.0010990684883815235,3.379916389079085e-06,0.9997852753224951,0.9989079552272742,True,1,0,0,raw/thermal/20260226_030500.tiff,0.09875289116228635,0.1021716361600814,0.8443912129895746,0.10084615298691318,0.08003182504329202,45
88,8802,293.4,00:04:53.400,1.3999999999999773,0.24356740530244475,0.8459066117519836,0.07090671935372267,0.44158595067353845,0.5266644656658173,0.4802866980433464,0.999241666490405,0.2064545346530258,0.0025806816831628224,0.00018375146127969089,0.9988143732343021,-1,tracked_hough,0.98,False,False,True,manual_coordinates,-1,True,mean,1,15,182,True,0.5,crop_resize,0.999241666490405,1293,777,1370,1096,0.43523403679653677,0.4093952922077922,0.0,0.999241666490405,0.2064545346530258,0.0025806816831628224,0.00018375146127969089,0.9988143732343021,0.999241666490405,True,1,0,0,raw/thermal/20260226_030500.tiff,0.07090671935372267,0.10341498265962279,0.8459066117519836,0.0981726239705827,0.09943608877631215,46
57,8771,292.3666666666667,00:04:52.367,0.36666666666667425,0.24279855363966338,0.8474334104376023,0.060059835318239475,0.42821305722767466,0.5333906605839729,0.5104801595211029,0.9981644586900846,0.21740327846284466,0.0027175409807855583,0.0002465976611127019,0.998683750031699,-1,tracked_hough,0.98,False,False,True,manual_coordinates,-1,True,mean,3,15,182,True,0.5,crop_resize,0.9981644586900846,1022,680,1660,1355,0.43523403679653677,0.5180262445887446,0.0,0.9981644586900846,0.21740327846284466,0.0027175409807855583,0.0002465976611127019,0.998683750031699,0.9981644586900846,True,1,0,0,raw/thermal/20260226_030500.tiff,0.0977480284366817,0.10375394845407362,0.8474334104376023,0.10499754555171975,0.060059835318239475,47
53,8767,292.23333333333335,00:04:52.233,0.2333333333333485,0.24247756198469106,0.8480972844083449,0.060071688449185486,0.42691061141975684,0.5309923365712166,0.5081189572811127,0.9989186976535718,0.08403331415257029,0.0010504164269071286,4.6944601840337444e-05,0.9998037107290223,-1,tracked_hough,0.98,False,False,True,manual_coordinates,-1,True,mean,2,15,182,True,0.5,crop_resize,0.9989186976535718,997,668,1706,1392,0.43523403679653677,0.5093682359307359,0.0,0.9989186976535718,0.08403331415257029,0.0010504164269071286,4.6944601840337444e-05,0.9998037107290223,0.9989186976535718,True,1,0,0,raw/thermal/20260226_030500.tiff,0.09868060664159899,0.10286148426388345,0.8480972844083449,0.10267674616044262,0.060071688449185486,48
89,8803,293.43333333333334,00:04:53.433,1.4333333333333371,0.24155061696816582,0.8386916452462861,0.07008228157256435,0.44016556264504497,0.5152014389634132,0.48079505264759065,0.9981264852278338,0.2261092516435937,0.0028263656455449213,5.525053984918315e-05,0.9985806464243672,-1,tracked_hough,0.98,False,False,True,manual_coordinates,-1,True,mean,2,15,182,True,0.5,crop_resize,0.9981264852278338,1309,775,1348,1100,0.43523403679653677,0.39546130952380953,0.0,0.9981264852278338,0.2261092516435937,0.0028263656455449213,5.525053984918315e-05,0.9985806464243672,0.9981264852278338,True,1,0,0,raw/thermal/20260226_030500.tiff,0.07008228157256435,0.1035186029672209,0.8386916452462861,0.09714465475386347,0.09831590030089424,49
80,8794,293.1333333333333,00:04:53.133,1.1333333333333258,0.23715856177409003,0.8444264430855764,0.06013090391846573,0.4050233796906431,0.520752203464508,0.48525133579969404,0.9989978528259736,0.055208228237955924,0.000690102852974449,0.00012998455200587954,0.9999141651166752,-1,tracked_hough,0.98,False,False,True,manual_coordinates,-1,True,mean,2,15,182,True,0.5,crop_resize,0.9989978528259736,1213,735,1452,1139,0.43523403679653677,0.4342194264069264,0.0,0.9989978528259736,0.055208228237955924,0.000690102852974449,0.00012998455200587954,0.9999141651166752,0.9989978528259736,True,1,0,0,raw/thermal/20260226_030500.tiff,0.07644507048190645,0.10554637510245694,0.8444264430855764,0.09924401628204482,0.06013090391846573,50
86,8800,293.3333333333333,00:04:53.333,1.3333333333333144,0.23552094261793047,0.8457124085614596,0.05794692895842084,0.39209508021602113,0.5265393421053887,0.481596876680851,0.9987516279235121,0.12514955167902314,0.0015643693959877893,0.00036981444168979747,0.9995555344405205,-1,tracked_hough,0.98,False,False,True,manual_coordinates,-1,True,mean,2,15,182,True,0.5,crop_resize,0.9987516279235121,1263,772,1400,1098,0.43523403679653677,0.407129329004329,0.0,0.9987516279235121,0.12514955167902314,0.0015643693959877893,0.00036981444168979747,0.9995555344405205,0.9987516279235121,True,1,0,0,raw/thermal/20260226_030500.tiff,0.07219129974298763,0.10236279306054508,0.8457124085614596,0.0993912827662391,0.05794692895842084,51
87,8801,293.3666666666667,00:04:53.367,1.3666666666666742,0.23504221130556613,0.8413635156940309,0.057790394987083396,0.3900360201756413,0.5362415909767151,0.4776692494750023,0.9983579676718112,0.20281854748337477,0.0025352318435421847,9.030010289823309e-05,0.9988574379861802,-1,tracked_hough,0.98,False,False,True,manual_coordinates,-1,True,mean,2,15,182,True,0.5,crop_resize,0.9983579676718112,1278,776,1389,1090,0.43523403679653677,0.3972199675324675,0.0,0.9983579676718112,0.20281854748337477,0.0025352318435421847,9.030010289823309e-05,0.9988574379861802,0.9983579676718112,True,1,0,0,raw/thermal/20260226_030500.tiff,0.07237280838445985,0.10346390879570613,0.8413635156940309,0.057790394987083396,0.10022042866655023,52
35,8749,291.6333333333333,00:04:51.633,-0.36666666666667425,0.23469860594792008,0.8294315824056789,0.07035066299451584,0.3966988693891523,0.5233622834086418,0.5244063839316369,0.9698325707584047,0.3284542585786543,0.004105678232233179,0.03093080120576417,0.9329205546694374,-1,tracked_hough,0.98,False,False,True,manual_coordinates,-1,True,mean,3,9,131,True,0.5,crop_resize,0.9698325707584047,863,634,1907,1526,0.43523403679653677,0.5348011363636364,0.0,0.9698325707584047,0.3284542585786543,0.004105678232233179,0.03093080120576417,0.9329205546694374,0.9698325707584047,True,1,0,0,raw/thermal/20260226_030500.tiff,0.07035066299451584,0.0836804970135103,0.8294315824056789,0.10506257933542745,0.08496770799046804,53
34,8748,291.6,00:04:51.600,-0.39999999999997726,0.23436578463812313,0.8314374204816621,0.06860998263010723,0.38971328746271994,0.5321121037006378,0.522590234875679,0.9664222924896083,0.4915379310422973,0.006144224138028716,0.030986140958636277,0.9292403731888704,-1,tracked_hough,0.98,False,False,True,manual_coordinates,-1,True,mean,1,6,122,True,0.5,crop_resize,0.9664222924896083,841,638,1941,1522,0.43523403679653677,0.5192775974025974,0.0,0.9664222924896083,0.4915379310422973,0.006144224138028716,0.030986140958636277,0.9292403731888704,0.9664222924896083,True,1,0,0,raw/thermal/20260226_030500.tiff,0.06860998263010723,0.08366053577906823,0.8314374204816621,0.10475422795361897,0.08336675634615917,54
85,8799,293.3,00:04:53.300,1.3000000000000114,0.23408882285161967,0.8364988293341109,0.05796223071147934,0.3951843617584273,0.5177424073219299,0.48150556832551955,0.9998755655367113,0.08360680017473925,0.0010450850021842405,5.691222661532436e-05,0.9998056246005878,-1,tracked_hough,0.98,False,False,True,manual_coordinates,-1,True,mean,1,15,182,True,0.5,crop_resize,0.9998755655367113,1261,763,1396,1117,0.43523403679653677,0.4292478354978355,0.0,0.9998755655367113,0.08360680017473925,0.0010450850021842405,5.691222661532436e-05,0.9998056246005878,0.9998755655367113,True,1,0,0,raw/thermal/20260226_030500.tiff,0.07368543231858238,0.1035880235437924,0.8364988293341109,0.09870959835013333,0.05796223071147934,55
90,8804,293.46666666666664,00:04:53.467,1.4666666666666401,0.2326356973045017,0.8396534102962059,0.056736891735752776,0.38847728822298533,0.50598945915699,0.47743140906095505,0.9994654671206906,0.17320250865362288,0.002165031358170286,0.00018978344894371446,0.999164539375131,-1,tracked_hough,0.98,False,False,True,manual_coordinates,-1,True,mean,1,15,182,True,0.5,crop_resize,0.9994654671206906,1311,784,1353,1082,0.43523403679653677,0.3874120670995671,0.0,0.9994654671206906,0.17320250865362288,0.002165031358170286,0.00018978344894371446,0.999164539375131,0.9994654671206906,True,1,0,0,raw/thermal/20260226_030500.tiff,0.06893833691156825,0.1033774849286066,0.8396534102962059,0.09447236265037522,0.056736891735752776,56
33,8747,291.56666666666666,00:04:51.567,-0.4333333333333371,0.22866587615862383,0.8060878699330464,0.06684714758999491,0.3785558031624971,0.5301723226904869,0.5240642994642257,0.9323662940214803,1.5028115645476066,0.01878514455684508,0.03096969007167836,0.8786749978482324,-1,tracked_hough,0.98,False,False,True,manual_coordinates,-1,True,mean,1,6,119,True,0.5,crop_resize,0.9323662940214803,831,624,1959,1536,0.43523403679653677,0.5157602813852814,0.0,0.9323662940214803,1.5028115645476066,0.01878514455684508,0.03096969007167836,0.8786749978482324,0.9323662940214803,True,1,0,0,raw/thermal/20260226_030500.tiff,0.06684714758999491,0.08349567214087897,0.8060878699330464,0.10428045615796762,0.08261823497123122,57
83,8797,293.23333333333335,00:04:53.233,1.2333333333333485,0.2265855248500983,0.8390501912724536,0.05535780873511503,0.3442779753292806,0.5241948530077934,0.480825874209404,0.9987609036903444,0.13520276703054881,0.0016900345878818601,0.00010432922841339121,0.9994916015093736,-1,tracked_hough,0.98,False,False,True,manual_coordinates,-1,True,mean,2,15,182,True,0.5,crop_resize,0.9987609036903444,1236,758,1426,1119,0.43523403679653677,0.42204410173160173,0.0,0.9987609036903444,0.13520276703054881,0.0016900345878818601,0.00010432922841339121,0.9994916015093736,0.9987609036903444,True,1,0,0,raw/thermal/20260226_030500.tiff,0.0748773916317184,0.10482256178230123,0.8390501912724536,0.05535780873511503,0.05881967082890337,58
31,8745,291.5,00:04:51.500,-0.5,0.2089011441486565,0.7237034202677362,0.054435804255291494,0.3343254566013107,0.5261239185929298,0.5253999799489975,0.819795957140793,0.1331046664475093,0.0016638083305938662,0.08701357885291613,0.5907979339347403,-1,tracked_hough,0.98,False,False,True,manual_coordinates,-1,True,mean,1,6,116,True,0.5,crop_resize,0.819795957140793,880,643,1868,1495,0.43523403679653677,0.511228354978355,0.0,0.819795957140793,0.1331046664475093,0.0016638083305938662,0.08701357885291613,0.5907979339347403,0.819795957140793,True,1,0,0,raw/thermal/20260226_030500.tiff,0.054435804255291494,0.06925324571833502,0.7237034202677362,0.09952143667166499,0.09759181383025463,59
30,8744,291.46666666666664,00:04:51.467,-0.5333333333333599,0.20883310035702124,0.725989008389059,0.05393460734089714,0.33165995351500277,0.5231879651546478,0.5336303532123565,0.8195054629554248,0.0779572947101965,0.0009744661838774562,0.08686385828234773,0.5920583668167699,-1,tracked_hough,0.98,False,False,True,manual_coordinates,-1,True,mean,2,5,116,True,0.5,crop_resize,0.8195054629554248,866,640,1902,1492,0.43523403679653677,0.5419710497835498,0.0,0.8195054629554248,0.0779572947101965,0.0009744661838774562,0.08686385828234773,0.5920583668167699,0.8195054629554248,True,1,0,0,raw/thermal/20260226_030500.tiff,0.05393460734089714,0.06819327508948803,0.725989008389059,0.09767026018341264,0.09837835078224927,60
32,8746,291.53333333333336,00:04:51.533,-0.46666666666664014,0.20879808186017215,0.7228017305375413,0.055692527393957365,0.33706190381819334,0.5208835020661354,0.5220017611980439,0.8200313720246577,0.002693602693597086,3.3670033669963574e-05,0.08702869793962656,0.5909806368354817,-1,tracked_hough,0.98,False,False,True,manual_coordinates,-1,True,mean,1,6,119,True,0.5,crop_resize,0.8200313720246577,886,652,1856,1485,0.43523403679653677,0.5124120670995671,0.0,0.8200313720246577,0.002693602693597086,3.3670033669963574e-05,0.08702869793962656,0.5909806368354817,0.8200313720246577,True,1,0,0,raw/thermal/20260226_030500.tiff,0.055692527393957365,0.06856764436890958,0.7228017305375413,0.09834650298724669,0.09858200401320591,61
29,8743,291.43333333333334,00:04:51.433,-0.5666666666666629,0.20848669391505226,0.7269995482023801,0.054867948781342185,0.3295244399399594,0.5197973310947418,0.5360682800412178,0.8191220624716229,0.09067920295757696,0.001133490036969712,0.08697966320096402,0.5911959846538738,-1,tracked_hough,0.98,False,False,True,manual_coordinates,-1,True,mean,2,5,116,True,0.5,crop_resize,0.8191220624716229,858,630,1917,1504,0.43523403679653677,0.5421739718614719,0.0,0.8191220624716229,0.09067920295757696,0.001133490036969712,0.08697966320096402,0.5911959846538738,0.8191220624716229,True,1,0,0,raw/thermal/20260226_030500.tiff,0.054867948781342185,0.0656951109696869,0.7269995482023801,0.09811722452095789,0.09675363710089412,62
28,8742,291.4,00:04:51.400,-0.6000000000000227,0.20803073867952385,0.7263685549824476,0.05463794718908172,0.3295086072577575,0.5158679589629174,0.5315423727035522,0.8191350657250698,0.17898861176560957,0.0022373576470701194,0.08715134333713656,0.5895797776407148,-1,tracked_hough,0.98,False,False,True,manual_coordinates,-1,True,mean,2,5,113,True,0.5,crop_resize,0.8191350657250698,868,616,1916,1533,0.43523403679653677,0.5240462662337663,0.0,0.8191350657250698,0.17898861176560957,0.0022373576470701194,0.08715134333713656,0.5895797776407148,0.8191350657250698,True,1,0,0,raw/thermal/20260226_030500.tiff,0.05463794718908172,0.0654302979271874,0.7263685549824476,0.09725483436767217,0.09646205893123044,63
27,8741,291.3666666666667,00:04:51.367,-0.6333333333333258,0.20730072191995577,0.7217491805575119,0.05481144213692695,0.3271466211086332,0.5209569931030273,0.5326882734894752,0.8187821702348616,0.23192055501453646,0.0028990069376817057,0.0871533371385329,0.5892094570366592,-1,tracked_hough,0.98,False,False,True,manual_coordinates,-1,True,mean,2,5,110,True,0.5,crop_resize,0.8187821702348616,862,605,1936,1549,0.43523403679653677,0.5143736471861472,0.0,0.8187821702348616,0.23192055501453646,0.0028990069376817057,0.0871533371385329,0.5892094570366592,0.8187821702348616,True,1,0,0,raw/thermal/20260226_030500.tiff,0.05481144213692695,0.06471216462301266,0.7217491805575119,0.09922049801847982,0.09601032426384751,64
25,8739,291.3,00:04:51.300,-0.6999999999999886,0.20690894491776618,0.7271942081815439,0.054072803895334656,0.32590386806574445,0.5037407651543617,0.5354654923081398,0.8201734187154339,0.14636696026890775,0.001829587003361347,0.08687476598004036,0.5917281616044924,-1,tracked_hough,0.98,False,False,True,manual_coordinates,-1,True,mean,1,5,107,True,0.5,crop_resize,0.8201734187154339,859,584,1966,1573,0.43523403679653677,0.5325013528138528,0.0,0.8201734187154339,0.14636696026890775,0.001829587003361347,0.08687476598004036,0.5917281616044924,0.8201734187154339,True,1,0,0,raw/thermal/20260226_030500.tiff,0.054072803895334656,0.061034480179759196,0.7271942081815439,0.09814677724035208,0.09409645509184103,65
26,8740,291.3333333333333,00:04:51.333,-0.6666666666666856,0.20622004501760424,0.7235497417799298,0.05415884392812069,0.32680725672232347,0.49953625351190567,0.5344155475497245,0.8192310807417087,0.14504754485879454,0.0018130943107349316,0.08717660757211547,0.5895795725502546,-1,tracked_hough,0.98,False,False,True,manual_coordinates,-1,True,mean,2,5,107,True,0.5,crop_resize,0.8192310807417087,859,595,1950,1560,0.43523403679653677,0.5127840909090909,0.0,0.8192310807417087,0.14504754485879454,0.0018130943107349316,0.08717660757211547,0.5895795725502546,0.8192310807417087,True,1,0,0,raw/thermal/20260226_030500.tiff,0.05415884392812069,0.062395466755020994,0.7235497417799298,0.0985488427883438,0.09244732983660597,66
24,8738,291.26666666666665,00:04:51.267,-0.7333333333333485,0.20583414575902603,0.7231980778926766,0.0528658341243695,0.3233343766189081,0.5035050228238106,0.5337413579225541,0.8179351929142163,0.17655051277362482,0.00220688140967031,0.0872317375903009,0.589020242981747,-1,tracked_hough,0.98,False,False,True,manual_coordinates,-1,True,mean,1,4,104,True,0.5,crop_resize,0.8179351929142163,839,585,2003,1571,0.43523403679653677,0.5134604978354979,0.0,0.8179351929142163,0.17655051277362482,0.00220688140967031,0.0872317375903009,0.589020242981747,0.8179351929142163,True,1,0,0,raw/thermal/20260226_030500.tiff,0.0528658341243695,0.06034057959240641,0.7231980778926766,0.10088763814203777,0.09187859904364003,67
23,8737,291.23333333333335,00:04:51.233,-0.7666666666666515,0.20561548334266924,0.7203400266342049,0.05327467196955607,0.322968553764524,0.5070795670151711,0.535584656894207,0.819415633062932,0.05673576526511171,0.0007091970658138964,0.08690022131828937,0.5918456245181328,-1,tracked_hough,0.98,False,False,True,manual_coordinates,-1,True,mean,1,4,104,True,0.5,crop_resize,0.819415633062932,821,570,2021,1585,0.43523403679653677,0.5213068181818182,0.0,0.819415633062932,0.05673576526511171,0.0007091970658138964,0.08690022131828937,0.5918456245181328,0.819415633062932,True,1,0,0,raw/thermal/20260226_030500.tiff,0.05327467196955607,0.060187874617208495,0.7203400266342049,0.10137415433538322,0.09290068915699354,68
21,8735,291.1666666666667,00:04:51.167,-0.8333333333333144,0.20531493090913222,0.7208707160647335,0.053423167244407564,0.3206707165704076,0.5069658562541008,0.5355986416339874,0.8193417798090626,0.10812421588813563,0.0013515526986016954,0.08687773746095431,0.5918669329566729,-1,tracked_hough,0.98,False,False,True,manual_coordinates,-1,True,mean,1,4,104,True,0.5,crop_resize,0.8193417798090626,790,542,2062,1617,0.43523403679653677,0.510247564935065,0.0,0.8193417798090626,0.10812421588813563,0.0013515526986016954,0.08687773746095431,0.5918669329566729,0.8193417798090626,True,1,0,0,raw/thermal/20260226_030500.tiff,0.053423167244407564,0.05942958590095996,0.7208707160647335,0.10179367550319098,0.09105750983236921,69
22,8736,291.2,00:04:51.200,-0.8000000000000114,0.2050488627560298,0.720242080795508,0.05291522715308266,0.3219293275220262,0.5026603877544403,0.5313104271888733,0.8192058468594634,0.06161867778537156,0.0007702334723171445,0.08697821974765567,0.5912789813661538,-1,tracked_hough,0.98,False,False,True,manual_coordinates,-1,True,mean,1,2,101,True,0.5,crop_resize,0.8192058468594634,809,557,2043,1603,0.43523403679653677,0.5130546536796536,0.0,0.8192058468594634,0.06161867778537156,0.0007702334723171445,0.08697821974765567,0.5912789813661538,0.8192058468594634,True,1,0,0,raw/thermal/20260226_030500.tiff,0.05291522715308266,0.060055486679906775,0.720242080795508,0.10177672533376295,0.09025479381788869,70
20,8734,291.1333333333333,00:04:51.133,-0.8666666666666742,0.2049804108621372,0.7215326538912097,0.05276217688591281,0.3190799363741184,0.5054125785827637,0.5324694782495498,0.8176889119593973,0.20098193475657766,0.002512274184457221,0.087262586976858,0.588649256464436,-1,tracked_hough,0.98,False,False,True,manual_coordinates,-1,True,mean,1,2,101,True,0.5,crop_resize,0.8176889119593973,773,531,2077,1629,0.43523403679653677,0.5122429653679653,0.0,0.8176889119593973,0.20098193475657766,0.002512274184457221,0.087262586976858,0.588649256464436,0.8176889119593973,True,1,0,0,raw/thermal/20260226_030500.tiff,0.05276217688591281,0.05880377884463313,0.7215326538912097,0.10206745712317293,0.08973598756575732,71
19,8733,291.1,00:04:51.100,-0.8999999999999773,0.19235351969113748,0.6608027996838682,0.05297394263638705,0.29910148307940343,0.5020089015364647,0.5301420956850051,0.723619413256736,2.549013616363786,0.031862670204547326,0.08721900358896022,0.4922542570050059,-1,tracked_hough,0.98,False,False,True,manual_coordinates,-1,True,mean,1,2,101,True,0.5,crop_resize,0.723619413256736,750,517,2095,1643,0.43523403679653677,0.508015422077922,0.0,0.723619413256736,2.549013616363786,0.031862670204547326,0.08721900358896022,0.4922542570050059,0.723619413256736,True,1,0,0,raw/thermal/20260226_030500.tiff,0.05297394263638705,0.05657178667709129,0.6608027996838682,0.10207494496967305,0.08934412448866771,72
18,8732,291.06666666666666,00:04:51.067,-0.9333333333333371,0.1662907094650338,0.5322714127606181,0.052774421005139176,0.2562622528531402,0.5047399654984475,0.5304453447461128,0.516413789529988,5.1863945842549874,0.06482993230318734,0.08711883544191626,0.279641260858449,-1,tracked_hough,0.98,False,False,True,manual_coordinates,-1,True,mean,1,1,98,True,0.5,crop_resize,0.516413789529988,730,501,2116,1659,0.43523403679653677,0.49195075757575757,0.0,0.516413789529988,5.1863945842549874,0.06482993230318734,0.08711883544191626,0.279641260858449,0.516413789529988,True,1,0,0,raw/thermal/20260226_030500.tiff,0.052774421005139176,0.055595936271124885,0.5322714127606181,0.10233967830072264,0.08847209898756411,73
10,8724,290.8,00:04:50.800,-1.1999999999999886,0.0842762738237495,0.10480698863618636,0.06540537299335493,0.2446762658967207,0.49766101837158205,0.5365026786923408,0.3599998649849686,64.48906244292887,0.8061132805366109,7.502011320639212e-05,6.743161914102713e-51,-1,tracked_hough,0.98,False,False,True,manual_coordinates,-1,False,mean,3,20,92,False,0.5,crop_resize,0.3599998649849686,541,195,2456,1965,0.43523403679653677,0.5352746212121212,0.0,0.3599998649849686,64.48906244292887,0.8061132805366109,7.502011320639212e-05,6.743161914102713e-51,0.3599998649849686,False,1,0,0,raw/thermal/20260226_030500.tiff,0.09485893412977361,0.06833463545286811,0.10480698863618636,0.08797543790656455,0.06540537299335493,74
9,8723,290.76666666666665,00:04:50.767,-1.2333333333333485,0.0812432620006593,0.10098361049314136,0.06075889641098303,0.22842473186150078,0.494221830368042,0.5294151470065117,0.3440300978434267,72.78671733027751,0.9098339666284689,0.02908017271700771,1.1533354674177594e-64,-1,tracked_hough,0.98,False,False,True,manual_coordinates,-1,False,mean,10,20,89,False,0.5,crop_resize,0.3440300978434267,413,114,2557,2046,0.43523403679653677,0.5142721861471862,0.0,0.3440300978434267,72.78671733027751,0.9098339666284689,0.02908017271700771,1.1533354674177594e-64,0.3440300978434267,False,1,0,0,raw/thermal/20260226_030500.tiff,0.0905765025561718,0.07479250459328986,0.10098361049314136,0.07910479594971041,0.06075889641098303,75
11,8725,290.8333333333333,00:04:50.833,-1.1666666666666856,0.08108264310010829,0.09981890772410403,0.062543575667954,0.22558870554572855,0.49835471212863924,0.531092357635498,0.3439538825553607,67.1905874168156,0.839882342710195,0.029151561512071923,3.24885665225192e-55,-1,tracked_hough,0.98,False,False,True,manual_coordinates,-1,False,mean,10,20,92,False,0.5,crop_resize,0.3439538825553607,439,158,2502,2002,0.43523403679653677,0.5229640151515151,0.0,0.3439538825553607,67.1905874168156,0.839882342710195,0.029151561512071923,3.24885665225192e-55,0.3439538825553607,False,1,0,0,raw/thermal/20260226_030500.tiff,0.08433249106164019,0.07676236712919078,0.09981890772410403,0.08195587391765244,0.062543575667954,76
5,8719,290.6333333333333,00:04:50.633,-1.3666666666666742,0.07891634298612907,0.09935801285712703,0.0652451045264699,0.2129249367652938,0.49601038694381716,0.5326156631112099,0.34325821958039254,78.4245040497058,0.9803063006213225,0.028896906700963322,5.997666571721954e-75,-1,tracked_hough,0.98,False,False,True,manual_coordinates,-1,False,mean,15,20,83,False,0.5,crop_resize,0.34325821958039254,462,55,2684,2105,0.43523403679653677,0.5049715909090909,0.0,0.34325821958039254,78.4245040497058,0.9803063006213225,0.028896906700963322,5.997666571721954e-75,0.34325821958039254,False,1,0,0,raw/thermal/20260226_030500.tiff,0.0833121116529893,0.06933500626159625,0.09935801285712703,0.07733147963246285,0.0652451045264699,77
17,8731,291.03333333333336,00:04:51.033,-0.9666666666666401,0.07863511196946113,0.10334996285478538,0.05258442146862049,0.21023484007976054,0.49872895777225495,0.5320556238293648,0.3421841666447974,27.2785543576066,0.3409819294700825,0.0307683422961043,9.876138770968285e-10,-1,tracked_hough,0.98,False,False,True,manual_coordinates,-1,False,mean,20,20,95,False,0.5,crop_resize,0.3421841666447974,690,376,2230,1784,0.43523403679653677,0.5085903679653679,0.0,0.3421841666447974,27.2785543576066,0.3409819294700825,0.0307683422961043,9.876138770968285e-10,0.3421841666447974,False,1,0,0,raw/thermal/20260226_030500.tiff,0.05258442146862049,0.06482970599806798,0.10334996285478538,0.09947684875533393,0.07293462077049792,78
16,8730,291.0,00:04:51,-1.0,0.07745804556615374,0.10233682877878936,0.05217750609169383,0.20773164154060203,0.48756700456142427,0.5291486412286759,0.3420356672275123,30.56041884529724,0.38200523556621546,0.030900634765625056,5.062986801559988e-12,-1,tracked_hough,0.98,False,False,True,manual_coordinates,-1,False,mean,20,20,92,False,0.5,crop_resize,0.3420356672275123,666,360,2250,1800,0.43523403679653677,0.500101461038961,0.0,0.3420356672275123,30.56041884529724,0.38200523556621546,0.030900634765625056,5.062986801559988e-12,0.3420356672275123,False,1,0,0,raw/thermal/20260226_030500.tiff,0.05217750609169383,0.06288300791012119,0.10233682877878936,0.10060761874239771,0.06928526630776666,79
4,8718,290.6,00:04:50.600,-1.3999999999999773,0.07727557042205349,0.1019523068763846,0.06210193237949838,0.20311795378886832,0.4989574208855629,0.5233625650405884,0.34379228574987175,82.83748617676548,1.0354685772095684,0.02930249758637622,1.5565311854823558e-83,-1,tracked_hough,0.98,False,False,True,manual_coordinates,-1,False,mean,10,20,80,False,0.5,crop_resize,0.34379228574987175,376,7,2691,2153,0.43523403679653677,0.4966179653679654,0.0,0.34379228574987175,82.83748617676548,1.0354685772095684,0.02930249758637622,1.5565311854823558e-83,0.34379228574987175,False,1,0,0,raw/thermal/20260226_030500.tiff,0.07701519573277639,0.06934953097549738,0.1019523068763846,0.07595888614611072,0.06210193237949838,80
15,8729,290.96666666666664,00:04:50.967,-1.0333333333333599,0.07727250547039193,0.10187732476958455,0.053274255976714445,0.2060260585227185,0.4861611932516098,0.5363278552889824,0.3419191746891353,35.20792189156784,0.440099023644598,0.031003965130684465,1.039512642709978e-15,-1,tracked_hough,0.98,False,False,True,manual_coordinates,-1,False,mean,19,20,92,False,0.5,crop_resize,0.3419191746891353,606,342,2273,1818,0.43523403679653677,0.536323051948052,0.0,0.3419191746891353,35.20792189156784,0.440099023644598,0.031003965130684465,1.039512642709978e-15,0.3419191746891353,False,1,0,0,raw/thermal/20260226_030500.tiff,0.053274255976714445,0.064540155196478,0.10187732476958455,0.09659646193615183,0.07007432947303083,81
14,8728,290.93333333333334,00:04:50.933,-1.0666666666666629,0.0763840861379013,0.10220954331482097,0.05293035380305117,0.20041021976495746,0.48780938535928725,0.5331735536456108,0.35899516062703773,51.006149531415154,0.6375768691426894,0.00012145478903313744,4.1177101853693035e-32,-1,tracked_hough,0.98,False,False,True,manual_coordinates,-1,False,mean,9,20,92,False,0.5,crop_resize,0.35899516062703773,599,253,2336,1907,0.43523403679653677,0.5187026515151515,0.0,0.35899516062703773,51.006149531415154,0.6375768691426894,0.00012145478903313744,4.1177101853693035e-32,0.35899516062703773,False,1,0,0,raw/thermal/20260226_030500.tiff,0.05293035380305117,0.07238036572173104,0.10220954331482097,0.09119595879142661,0.06320420905847676,82
8,8722,290.73333333333335,00:04:50.733,-1.2666666666666515,0.07633284981078103,0.10213352917838406,0.06107920960825707,0.19406626675533606,0.5065777033567429,0.5254390001296997,0.344067236044976,77.23281648058709,0.9654102060073386,0.029045222095778554,1.0362976055898237e-72,-1,tracked_hough,0.98,False,False,True,manual_coordinates,-1,False,mean,10,20,86,False,0.5,crop_resize,0.344067236044976,406,91,2587,2069,0.43523403679653677,0.5125135281385281,0.0,0.344067236044976,77.23281648058709,0.9654102060073386,0.029045222095778554,1.0362976055898237e-72,0.344067236044976,False,1,0,0,raw/thermal/20260226_030500.tiff,0.06373353191048829,0.07444930218995997,0.10213352917838406,0.08026867616681578,0.06107920960825707,83
13,8727,290.9,00:04:50.900,-1.1000000000000227,0.07574654066180363,0.10140205697219191,0.052610990048717506,0.19824057205305184,0.48269023597240446,0.5345723181962967,0.3599996085962038,52.27313381620443,0.6534141727025553,0.00014187794811313382,1.0866179049569988e-33,-1,tracked_hough,0.98,False,False,True,manual_coordinates,-1,False,mean,3,20,92,False,0.5,crop_resize,0.3599996085962038,573,252,2385,1908,0.43523403679653677,0.5303368506493507,0.0,0.3599996085962038,52.27313381620443,0.6534141727025553,0.00014187794811313382,1.0866179049569988e-33,0.3599996085962038,False,1,0,0,raw/thermal/20260226_030500.tiff,0.052610990048717506,0.06995728870886067,0.10140205697219191,0.09036818382155018,0.06439418375769784,84
12,8726,290.8666666666667,00:04:50.867,-1.1333333333333258,0.0755297351443694,0.09702134710127051,0.05248720673993176,0.19985305770172584,0.47560562789440153,0.5331304609775543,0.3419766030830564,48.06417188488261,0.6008021485610326,0.030953016252649946,1.2644145572502268e-28,-1,tracked_hough,0.98,False,False,True,manual_coordinates,-1,False,mean,20,20,92,False,0.5,crop_resize,0.3419766030830564,563,290,2337,1870,0.43523403679653677,0.5213068181818182,0.0,0.3419766030830564,48.06417188488261,0.6008021485610326,0.030953016252649946,1.2644145572502268e-28,0.3419766030830564,False,1,0,0,raw/thermal/20260226_030500.tiff,0.05248720673993176,0.06318542783621311,0.09702134710127051,0.09694653868936842,0.06800815535506322,85
3,8717,290.56666666666666,00:04:50.567,-1.4333333333333371,0.07522405623693262,0.10122282698342333,0.06573665225425881,0.18687335168239366,0.5085296258330345,0.5229613989591598,0.3432264189056329,83.37577035997133,1.0421971294996415,0.028933608474071802,1.2985650265639643e-84,-1,tracked_hough,0.98,False,False,True,manual_coordinates,-1,False,mean,11,20,77,False,0.5,crop_resize,0.3432264189056329,400,7,2745,2153,0.43523403679653677,0.48728354978354976,0.0,0.3432264189056329,83.37577035997133,1.0421971294996415,0.028933608474071802,1.2985650265639643e-84,0.3432264189056329,False,1,0,0,raw/thermal/20260226_030500.tiff,0.06672537125997234,0.06740142078736419,0.10122282698342333,0.07503400989964444,0.06573665225425881,86
7,8721,290.7,00:04:50.700,-1.3000000000000114,0.07463047775280218,0.10042494444771584,0.05281315220753184,0.18972262240536647,0.490217287838459,0.5264788448810578,0.3418765035179319,64.09756922531123,0.8012196153163904,0.031041885003810953,2.5532908640367115e-50,-1,tracked_hough,0.98,False,False,True,manual_coordinates,-1,False,mean,20,20,83,False,0.5,crop_resize,0.3418765035179319,520,192,2460,1968,0.43523403679653677,0.5241477272727273,0.0,0.3418765035179319,64.09756922531123,0.8012196153163904,0.031041885003810953,2.5532908640367115e-50,0.3418765035179319,False,1,0,0,raw/thermal/20260226_030500.tiff,0.05281315220753184,0.06028310345950723,0.10042494444771584,0.09303331664110612,0.0665978720081499,87
6,8720,290.6666666666667,00:04:50.667,-1.3333333333333144,0.07414979328260535,0.10363904635982779,0.05427043828251531,0.18312499677038888,0.4975083753466606,0.5319083139300347,0.35903665638899607,71.10380356362008,0.888797544545251,5.1416325215569715e-05,1.0203707186157692e-61,-1,tracked_hough,0.98,False,False,True,manual_coordinates,-1,False,mean,6,20,83,False,0.5,crop_resize,0.35903665638899607,500,131,2587,2029,0.43523403679653677,0.5036864177489178,0.0,0.35903665638899607,71.10380356362008,0.888797544545251,5.1416325215569715e-05,1.0203707186157692e-61,0.35903665638899607,False,1,0,0,raw/thermal/20260226_030500.tiff,0.05427043828251531,0.06388789185213924,0.10363904635982779,0.08348239541402509,0.06546919450451932,88
2,8716,290.53333333333336,00:04:50.533,-1.4666666666666401,0.07402739332420918,0.10464648553494821,0.05783954315697489,0.18144321678866437,0.5018562912940979,0.5270740956068038,0.35900688660537344,83.40299114168145,1.0425373892710181,6.741933683400703e-05,1.2132325069573441e-84,-1,tracked_hough,0.98,False,False,True,manual_coordinates,-1,False,mean,7,20,74,False,0.5,crop_resize,0.35900688660537344,418,1,2645,2159,0.43523403679653677,0.4894818722943723,0.0,0.35900688660537344,83.40299114168145,1.0425373892710181,6.741933683400703e-05,1.2132325069573441e-84,0.35900688660537344,False,1,0,0,raw/thermal/20260226_030500.tiff,0.05783954315697489,0.06051690457975907,0.10464648553494821,0.08162588716799328,0.06550814618137045,89
1,8715,290.5,00:04:50.500,-1.5,0.07257630679138465,0.10240998971729255,0.055563721186796367,0.17729831517524985,0.4916930466890335,0.5213806062936783,0.3599997750547468,81.35785908299151,1.016973238537394,0.0001075575086805003,1.4090045380990953e-80,-1,tracked_hough,0.98,False,False,True,manual_coordinates,-1,False,mean,1,20,71,False,0.5,crop_resize,0.3599997750547468,393,0,2700,2160,0.43523403679653677,0.46973079004329005,0.0,0.3599997750547468,81.35785908299151,1.016973238537394,0.0001075575086805003,1.4090045380990953e-80,0.3599997750547468,False,1,0,0,raw/thermal/20260226_030500.tiff,0.055563721186796367,0.060036724306834204,0.10240998971729255,0.08099433154268577,0.06387676720331438,90
